Workbook

Sheet Lab 5 Key
A1: Lab 5: Instructions and Walkthrough (Excel version)
A2: Yellow cells are inputs; change them and every answer below updates. Raw data are on the Data sheet.
A4: Inputs: hours of sleep, 10 students, H_A: mu < 7
A5: Quantity | B5: Value | C5: Note | D5: R object
A6: Hypothesized mean (mu) | B6: 7 | C6: Recommended hours of sleep | D6: mu_0 <- 7
A7: Alpha | B7: 0.05 | C7: Significance level | D7: alpha <- 0.05
A8: Confidence level | B8: 0.95 | C8: For the confidence interval | D8: conf.level <- 0.95
A10: Q1. By hand: mean, s, standard error, and t
A11: Step | B11: Result | C11: Explanation | D11: Equivalent in R (all arguments named)
A12: Sample size (n) | B12: =COUNT(Data!$B$2:$B$11) -> 10 | C12: Count of the 10 scores on the Data sheet | D12: n <- length(x = sleep_hours)
A13: Sample mean | B13: =AVERAGE(Data!$B$2:$B$11) -> 6.55 | C13: Sum of the scores divided by n | D13: m <- mean(x = sleep_hours)
A14: Sum of squared deviations | B14: =DEVSQ(Data!$B$2:$B$11) -> 4.165 | C14: Each score's squared distance from the mean, added up (numerator of s) | D14: sum((sleep_hours - m)^2)
A15: Sample SD (s) | B15: =STDEV.S(Data!$B$2:$B$11) -> 0.68027772 | C15: s = sqrt(4.165 / (10 - 1)) = 0.680 | D15: s <- sd(x = sleep_hours)
A16: Standard error = s / sqrt(n) | B16: =B15/SQRT(B12) -> 0.2151227 | C16: SE = 0.680 / sqrt(10) = 0.215 | D16: se <- s / sqrt(x = n)
A17: t = (mean - mu) / SE | B17: =(B13-$B$6)/B16 -> -2.0918294 | C17: t = (6.55 - 7) / 0.215 = -2.09: the mean is about 2.09 standard errors BELOW 7 | D17: t <- (m - mu_0) / se
A19: Q2. Degrees of freedom and critical values
A20: Step | B20: Result | C20: Explanation | D20: Equivalent in R (all arguments named)
A21: Degrees of freedom | B21: =B12-1 -> 9 | C21: df = n - 1 = 10 - 1 = 9 | D21: df <- n - 1
A22: Two-tailed critical t (+/-) | B22: =T.INV.2T($B$7,B21) -> 2.2621572 | C22: 2.5% in each tail; reject if |t| is larger than this | D22: qt(p = 0.975, df = df, lower.tail = TRUE)
A23: One-tailed critical t (less than) | B23: =T.INV($B$7,B21) -> -1.8331129 | C23: All 5% in the lower tail; reject if t is below this | D23: qt(p = 0.05, df = df, lower.tail = TRUE)
A25: Q3. Two-tailed test
A26: Step | B26: Result | C26: Explanation | D26: Equivalent in R (all arguments named)
A27: Two-tailed p-value | B27: =T.DIST.2T(ABS(B17),B21) -> 0.065987248 | C27: Area beyond |t| in BOTH tails | D27: 2 * pt(q = abs(x = t), df = df, lower.tail = FALSE)
A28: 95% CI lower | B28: =B13-T.INV.2T(1-$B$8,B21)*B16 -> 6.0633586 | C28: mean - critical t x SE | D28: t.test(x = sleep_hours, mu = 7, alternative = "two.sided", conf.level = 0.95)$conf.int
A29: 95% CI upper | B29: =B13+T.INV.2T(1-$B$8,B21)*B16 -> 7.0366414 | C29: mean + critical t x SE. The interval contains 7. | D29: (same call as above)
A30: Decision (two-tailed) | B30: =IF(ABS(B17)>B22,"Reject H0","Fail to reject H0") -> Fail to reject H0 | C30: |t| = 2.09 < 2.262 and p > .05, so we fail to reject H0 (two-tailed). | D30: abs(x = t) > t_crit_two
A32: Q4. One-tailed test (H_A: mu < 7)
A33: Step | B33: Result | C33: Explanation | D33: Equivalent in R (all arguments named)
A34: One-tailed p-value | B34: =T.DIST(B17,B21,TRUE) -> 0.032993624 | C34: Area below t in the lower tail only: exactly half the two-tailed p | D34: pt(q = t, df = df, lower.tail = TRUE)
A35: Decision (one-tailed) | B35: =IF(B17<B23,"Reject H0","Fail to reject H0") -> Reject H0 | C35: -2.09 < -1.833 and p = .033 < .05, so we reject H0. The decision changed only because all of alpha sits in one tail. The direction must be chosen BEFORE seeing the data. | D35: t.test(x = sleep_hours, mu = 7, alternative = "less", conf.level = 0.95)
A37: Q5. Effect size and APA sentence
A38: Step | B38: Result | C38: Explanation | D38: Equivalent in R (all arguments named)
A39: Cohen's d = (mean - mu) / s | B39: =(B13-$B$6)/B15 -> -0.66149454 | C39: d = (6.55 - 7) / 0.680 = -0.66 | D39: d <- (m - mu_0) / s
A40: Size of the effect | B40: =IF(ABS(B39)<0.2,"negligible",IF(ABS(B39)<0.5,"small",IF(ABS(B39)<0.8,"medium","large"))) -> medium | C40: About 0.2 is small, 0.5 is medium, and 0.8 is large; 0.66 is medium-to-large. | D40: abs(x = d)
A41: APA sentence | B41: ="Students slept significantly less than the recommended "&TEXT($B$6,"0")&" hours, M = "&TEXT(B13,"0.00")&", SD = "&TEXT(B15,"0.00")&", t("&B21&") = "&TEXT(B17,"0.00")&", p = "&TEXT(B34,"0.000")&" (one-tailed), d = "&TEXT(B39,"0.00")&"." -> Students slept significantly less than the recommended 7 hours, M = 6.55, SD = 0.68, t(9) = -2.09, p = .033 (one-tailed), d = -0.66.
A43: Submit question: why t instead of z?
A44: Step | B44: Result | C44: Explanation | D44: Equivalent in R (all arguments named)
A45: Answer | B45: s is only an estimate of sigma and changes from sample to sample, so the t distribution has fatter tails than z to account for that extra uncertainty (especially when n is small). As n grows, t becomes nearly identical to z.

Sheet Data
A1: Student | B1: Sleep hours | D1: R: set.seed(seed = 133); sleep_hours <- round(rnorm(n = 10, mean = 6.5, sd = 0.9), digits = 1)
A2: 1 | B2: 6.6
A3: 2 | B3: 6.8
A4: 3 | B4: 5.8
A5: 4 | B5: 6.8
A6: 5 | B6: 7.6
A7: 6 | B7: 6.5
A8: 7 | B8: 7.4
A9: 8 | B9: 6.4
A10: 9 | B10: 6.3
A11: 10 | B11: 5.3

Sheet Worked Example
A1: Lab 5 worked example (Excel version): weekly study hours
A2: Yellow cells are inputs; change them and every answer updates. Raw data are on the Worked Data sheet.
A4: Inputs: 12 students, H0: mu = 9, H_A: mu != 9 (two-tailed)
A5: Quantity | B5: Value | C5: Note | D5: R object
A6: Hypothesized mean (mu) | B6: 9 | C6: National average hours studied per week | D6: mu_0 <- 9
A7: Alpha | B7: 0.05 | C7: Significance level | D7: alpha <- 0.05
A8: Confidence level | B8: 0.95 | C8: For the confidence interval | D8: conf.level <- 0.95
A10: 1. By hand: mean, s, standard error, and t
A11: Step | B11: Result | C11: Explanation | D11: Equivalent in R (all arguments named)
A12: Sample size (n) | B12: =COUNT('Worked Data'!$B$2:$B$13) -> 12 | C12: Count of the 12 scores on the Worked Data sheet | D12: n <- length(x = study_hours)
A13: Sample mean | B13: =AVERAGE('Worked Data'!$B$2:$B$13) -> 12.666667 | C13: Sum of the scores divided by n | D13: m <- mean(x = study_hours)
A14: Sum of squared deviations | B14: =DEVSQ('Worked Data'!$B$2:$B$13) -> 244.66667 | C14: Each score's squared distance from the mean, added up (numerator of s) | D14: sum((study_hours - m)^2)
A15: Sample SD (s) | B15: =STDEV.S('Worked Data'!$B$2:$B$13) -> 4.7161875 | C15: s = sqrt(SS / (n - 1)) | D15: s <- sd(x = study_hours)
A16: Standard error = s / sqrt(n) | B16: =B15/SQRT(B12) -> 1.3614461 | C16: SE = 4.72 / sqrt(12) = 1.36 | D16: se <- s / sqrt(x = n)
A17: t = (mean - mu) / SE | B17: =(B13-$B$6)/B16 -> 2.6932148 | C17: t = (12.67 - 9) / 1.36 = 2.69: the mean is about 2.69 standard errors ABOVE 9 | D17: t <- (m - mu_0) / se
A19: 2. Degrees of freedom and critical value
A20: Step | B20: Result | C20: Explanation | D20: Equivalent in R (all arguments named)
A21: Degrees of freedom | B21: =B12-1 -> 11 | C21: df = n - 1 = 12 - 1 = 11 | D21: df <- n - 1
A22: Two-tailed critical t (+/-) | B22: =T.INV.2T($B$7,B21) -> 2.2009852 | C22: 2.5% in each tail; reject if |t| is larger than this | D22: qt(p = 0.975, df = df, lower.tail = TRUE)
A24: 3. p-value, confidence interval, and decision
A25: Step | B25: Result | C25: Explanation | D25: Equivalent in R (all arguments named)
A26: Two-tailed p-value | B26: =T.DIST.2T(ABS(B17),B21) -> 0.020908705 | C26: Area beyond |t| in BOTH tails | D26: 2 * pt(q = abs(x = t), df = df, lower.tail = FALSE)
A27: 95% CI lower | B27: =B13-T.INV.2T(1-$B$8,B21)*B16 -> 9.6701441 | C27: mean - critical t x SE | D27: t.test(x = study_hours, mu = 9, alternative = "two.sided", conf.level = 0.95)$conf.int
A28: 95% CI upper | B28: =B13+T.INV.2T(1-$B$8,B21)*B16 -> 15.663189 | C28: mean + critical t x SE. The interval does NOT contain 9. | D28: (same call as above)
A29: Decision (two-tailed) | B29: =IF(ABS(B17)>B22,"Reject H0","Fail to reject H0") -> Reject H0 | C29: |t| = 2.69 > 2.201 and p = .021 < .05, so we reject H0. Students study more than the national average. | D29: abs(x = t) > t_crit
A31: 4. Effect size and APA sentence
A32: Step | B32: Result | C32: Explanation | D32: Equivalent in R (all arguments named)
A33: Cohen's d = (mean - mu) / s | B33: =(B13-$B$6)/B15 -> 0.77746415 | C33: d = (12.67 - 9) / 4.72 = 0.78 | D33: d <- (m - mu_0) / s
A34: Size of the effect | B34: =IF(ABS(B33)<0.2,"negligible",IF(ABS(B33)<0.5,"small",IF(ABS(B33)<0.8,"medium","large"))) -> medium | C34: About 0.2 is small, 0.5 is medium, and 0.8 is large; 0.78 is at the medium/large boundary (the lab slides call it large, d ~ 0.8). | D34: abs(x = d)
A35: APA sentence | B35: ="Students studied more than the national average of "&TEXT($B$6,"0")&" hours, M = "&TEXT(B13,"0.00")&", SD = "&TEXT(B15,"0.00")&", t("&B21&") = "&TEXT(B17,"0.00")&", p = "&TEXT(B26,"0.000")&", d = "&TEXT(B33,"0.00")&"." -> Students studied more than the national average of 9 hours, M = 12.67, SD = 4.72, t(11) = 2.69, p = .021, d = 0.78.

Sheet Worked Data
A1: Student | B1: Study hours | D1: R: set.seed(seed = 348); study_hours <- round(x = rnorm(n = 12, mean = 12, sd = 4), digits = 0)
A2: 1 | B2: 12
A3: 2 | B3: 16
A4: 3 | B4: 15
A5: 4 | B5: 4
A6: 5 | B6: 9
A7: 6 | B7: 15
A8: 7 | B8: 9
A9: 8 | B9: 9
A10: 9 | B10: 14
A11: 10 | B11: 21
A12: 11 | B12: 10
A13: 12 | B13: 18
